<?xml version="1.0" encoding="UTF-8"?>
<!DOCTYPE plan[
<!ELEMENT plan(running+,meal+,reading,meeting)>
<!ELEMENT running (#PCDATA)>
<!ATTLIST running speed PCDATA #REQUIRED>
<!ELEMENT meal (#PCDATA)>
<!ATTLIST meal dish PCDATA #REQUIRED>
<!ELEMENT reading (#PCDATA)>
<!ELEMENT meeting (#PCDATA)>
]>
<plan>


<plan>
<running speed="slow"/>
<running speed="fast"/>
<meal dish = "vegi">Apple</meal>
<meal dish = "meat">BBQ Steak</meal> <meal>BBQ Steak</meal>
<reading>Ten Thousand Milestone</reading> <meeting>Alumni</meeting >
</plan>