<?xml version="1.0" encoding="euc-kr" standalone="yes"?>
<?xml-stylesheet type="text/css" href="dailymemo.css"?>
<Diet>
   <head> Send Text to Eugene</head>
   <meeting>
   Meeting Schedule
   <try_meet>
   Try to meet before noon.
   </try_meet>
   </meeting>

   <To>
   To:Eugene
   <number>
   010-123-4567
   </number>
   </To>
   <From>
   From: Hong, Gil-Dong
   </From>
   <ask>Can we meet tomorrow?</ask>
   <please>Please, interprete the writing.</please>
   <div>
Lorem ipsum dolor sit amet, consectetuer adipiscing elit, sed diam nonummy nibh euismod tincidunt ut laoreet dolore magna aliquam erat volutpat. Ut wisi enim ad minim veniam, quis nostrud exerci tation ullamcorper 
suscipit lobortis nisl ut aliquip ex ea commodo consequat. Duis autem vel eum iriure dolor in hendrerit in vulputate velit esse molestie consequat, vel illum dolore eu feugiat nulla facilisis at vero eros et accumsan et iusto odio 
dignissim qui blandit praesent luptatum zzril delenit augue duis dolore te feugait nulla facilisi.
   </div>
   <exercise>Exercise Schedule and Diet</exercise>
   <running> Running 2KM 
   <run_img></run_img></running>
   <cycling> Cycling 10 KM </cycling>
   <meal> One Egg with Skim Milk </meal>
   <img>
   </img>
   <reading>Reading Newspaper</reading>
   <main> Main News
   <climate>
   Climate Change
   </climate>
   <news_img>
   Addressing climate change will require many solutions?there's no magic bullet.
   Yet nearly all of these solutions exist today, and many of them hinge on humans
   changing the way we behave, shifting the way we make and consume energy. 
   The required changes span technologies, behaviors, and policies that encourage 
   less waste and 
   smarter use of our resources.
   </news_img>
   </main>
</Diet>


